control_kind,data_snapshot_digest,decision_offset_bars,direction,entry_price_semantic,event_id,label,label_definition.canonical_digest,label_definition.label_return_mode,label_definition.rule_id,label_definition.window.horizon_bars,lookahead_bars_declared.12h,scenario,source_file_digest,symbol,t0,timeframe,meta.close,meta.timestamp
user_labeled_same_trigger,uat-sample:ETHUSDT:12h:kline_cache.h5,0,long,trigger_close,ETHUSDT:12h:1719792000000,0,7ba8a5c896bbc29f616ac4008bb221d01cab0a3f62c4de9497eb783014e2a610,close_to_close,uat-sample:fwd3-close-sign,3,3,C,8acda224d82e336234288db9bdb70cb7e18ca14cfc61ef2835f52856c5305e29,ETHUSDT,1719792000000,12h,3459.60,2024-07-01 00:00:00
user_labeled_same_trigger,uat-sample:ETHUSDT:12h:kline_cache.h5,0,long,trigger_close,ETHUSDT:12h:1720569600000,0,7ba8a5c896bbc29f616ac4008bb221d01cab0a3f62c4de9497eb783014e2a610,close_to_close,uat-sample:fwd3-close-sign,3,3,C,8acda224d82e336234288db9bdb70cb7e18ca14cfc61ef2835f52856c5305e29,ETHUSDT,1720569600000,12h,3102.22,2024-07-10 00:00:00
user_labeled_same_trigger,uat-sample:ETHUSDT:12h:kline_cache.h5,0,long,trigger_close,ETHUSDT:12h:1721347200000,1,7ba8a5c896bbc29f616ac4008bb221d01cab0a3f62c4de9497eb783014e2a610,close_to_close,uat-sample:fwd3-close-sign,3,3,C,8acda224d82e336234288db9bdb70cb7e18ca14cfc61ef2835f52856c5305e29,ETHUSDT,1721347200000,12h,3404.54,2024-07-19 00:00:00
user_labeled_same_trigger,uat-sample:ETHUSDT:12h:kline_cache.h5,0,long,trigger_close,ETHUSDT:12h:1722124800000,1,7ba8a5c896bbc29f616ac4008bb221d01cab0a3f62c4de9497eb783014e2a610,close_to_close,uat-sample:fwd3-close-sign,3,3,C,8acda224d82e336234288db9bdb70cb7e18ca14cfc61ef2835f52856c5305e29,ETHUSDT,1722124800000,12h,3256.46,2024-07-28 00:00:00
user_labeled_same_trigger,uat-sample:ETHUSDT:12h:kline_cache.h5,0,long,trigger_close,ETHUSDT:12h:1722902400000,0,7ba8a5c896bbc29f616ac4008bb221d01cab0a3f62c4de9497eb783014e2a610,close_to_close,uat-sample:fwd3-close-sign,3,3,C,8acda224d82e336234288db9bdb70cb7e18ca14cfc61ef2835f52856c5305e29,ETHUSDT,1722902400000,12h,2458.91,2024-08-06 00:00:00
user_labeled_same_trigger,uat-sample:ETHUSDT:12h:kline_cache.h5,0,long,trigger_close,ETHUSDT:12h:1723680000000,0,7ba8a5c896bbc29f616ac4008bb221d01cab0a3f62c4de9497eb783014e2a610,close_to_close,uat-sample:fwd3-close-sign,3,3,C,8acda224d82e336234288db9bdb70cb7e18ca14cfc61ef2835f52856c5305e29,ETHUSDT,1723680000000,12h,2637.73,2024-08-15 00:00:00
user_labeled_same_trigger,uat-sample:ETHUSDT:12h:kline_cache.h5,0,long,trigger_close,ETHUSDT:12h:1724457600000,0,7ba8a5c896bbc29f616ac4008bb221d01cab0a3f62c4de9497eb783014e2a610,close_to_close,uat-sample:fwd3-close-sign,3,3,C,8acda224d82e336234288db9bdb70cb7e18ca14cfc61ef2835f52856c5305e29,ETHUSDT,1724457600000,12h,2756.31,2024-08-24 00:00:00
user_labeled_same_trigger,uat-sample:ETHUSDT:12h:kline_cache.h5,0,long,trigger_close,ETHUSDT:12h:1725235200000,0,7ba8a5c896bbc29f616ac4008bb221d01cab0a3f62c4de9497eb783014e2a610,close_to_close,uat-sample:fwd3-close-sign,3,3,C,8acda224d82e336234288db9bdb70cb7e18ca14cfc61ef2835f52856c5305e29,ETHUSDT,1725235200000,12h,2515.81,2024-09-02 00:00:00
user_labeled_same_trigger,uat-sample:ETHUSDT:12h:kline_cache.h5,0,long,trigger_close,ETHUSDT:12h:1726012800000,1,7ba8a5c896bbc29f616ac4008bb221d01cab0a3f62c4de9497eb783014e2a610,close_to_close,uat-sample:fwd3-close-sign,3,3,C,8acda224d82e336234288db9bdb70cb7e18ca14cfc61ef2835f52856c5305e29,ETHUSDT,1726012800000,12h,2327.59,2024-09-11 00:00:00
user_labeled_same_trigger,uat-sample:ETHUSDT:12h:kline_cache.h5,0,long,trigger_close,ETHUSDT:12h:1726790400000,1,7ba8a5c896bbc29f616ac4008bb221d01cab0a3f62c4de9497eb783014e2a610,close_to_close,uat-sample:fwd3-close-sign,3,3,C,8acda224d82e336234288db9bdb70cb7e18ca14cfc61ef2835f52856c5305e29,ETHUSDT,1726790400000,12h,2544.96,2024-09-20 00:00:00
user_labeled_same_trigger,uat-sample:ETHUSDT:12h:kline_cache.h5,0,long,trigger_close,ETHUSDT:12h:1727568000000,0,7ba8a5c896bbc29f616ac4008bb221d01cab0a3f62c4de9497eb783014e2a610,close_to_close,uat-sample:fwd3-close-sign,3,3,C,8acda224d82e336234288db9bdb70cb7e18ca14cfc61ef2835f52856c5305e29,ETHUSDT,1727568000000,12h,2652.49,2024-09-29 00:00:00
user_labeled_same_trigger,uat-sample:ETHUSDT:12h:kline_cache.h5,0,long,trigger_close,ETHUSDT:12h:1728345600000,0,7ba8a5c896bbc29f616ac4008bb221d01cab0a3f62c4de9497eb783014e2a610,close_to_close,uat-sample:fwd3-close-sign,3,3,C,8acda224d82e336234288db9bdb70cb7e18ca14cfc61ef2835f52856c5305e29,ETHUSDT,1728345600000,12h,2439.71,2024-10-08 00:00:00
user_labeled_same_trigger,uat-sample:ETHUSDT:12h:kline_cache.h5,0,long,trigger_close,ETHUSDT:12h:1729123200000,1,7ba8a5c896bbc29f616ac4008bb221d01cab0a3f62c4de9497eb783014e2a610,close_to_close,uat-sample:fwd3-close-sign,3,3,C,8acda224d82e336234288db9bdb70cb7e18ca14cfc61ef2835f52856c5305e29,ETHUSDT,1729123200000,12h,2598.01,2024-10-17 00:00:00
user_labeled_same_trigger,uat-sample:ETHUSDT:12h:kline_cache.h5,0,long,trigger_close,ETHUSDT:12h:1729900800000,1,7ba8a5c896bbc29f616ac4008bb221d01cab0a3f62c4de9497eb783014e2a610,close_to_close,uat-sample:fwd3-close-sign,3,3,C,8acda224d82e336234288db9bdb70cb7e18ca14cfc61ef2835f52856c5305e29,ETHUSDT,1729900800000,12h,2472.98,2024-10-26 00:00:00
user_labeled_same_trigger,uat-sample:ETHUSDT:12h:kline_cache.h5,0,long,trigger_close,ETHUSDT:12h:1730678400000,0,7ba8a5c896bbc29f616ac4008bb221d01cab0a3f62c4de9497eb783014e2a610,close_to_close,uat-sample:fwd3-close-sign,3,3,C,8acda224d82e336234288db9bdb70cb7e18ca14cfc61ef2835f52856c5305e29,ETHUSDT,1730678400000,12h,2470.20,2024-11-04 00:00:00
user_labeled_same_trigger,uat-sample:ETHUSDT:12h:kline_cache.h5,0,long,trigger_close,ETHUSDT:12h:1731456000000,0,7ba8a5c896bbc29f616ac4008bb221d01cab0a3f62c4de9497eb783014e2a610,close_to_close,uat-sample:fwd3-close-sign,3,3,C,8acda224d82e336234288db9bdb70cb7e18ca14cfc61ef2835f52856c5305e29,ETHUSDT,1731456000000,12h,3168.00,2024-11-13 00:00:00
user_labeled_same_trigger,uat-sample:ETHUSDT:12h:kline_cache.h5,0,long,trigger_close,ETHUSDT:12h:1732233600000,1,7ba8a5c896bbc29f616ac4008bb221d01cab0a3f62c4de9497eb783014e2a610,close_to_close,uat-sample:fwd3-close-sign,3,3,C,8acda224d82e336234288db9bdb70cb7e18ca14cfc61ef2835f52856c5305e29,ETHUSDT,1732233600000,12h,3344.75,2024-11-22 00:00:00
user_labeled_same_trigger,uat-sample:ETHUSDT:12h:kline_cache.h5,0,long,trigger_close,ETHUSDT:12h:1733011200000,0,7ba8a5c896bbc29f616ac4008bb221d01cab0a3f62c4de9497eb783014e2a610,close_to_close,uat-sample:fwd3-close-sign,3,3,C,8acda224d82e336234288db9bdb70cb7e18ca14cfc61ef2835f52856c5305e29,ETHUSDT,1733011200000,12h,3692.42,2024-12-01 00:00:00
user_labeled_same_trigger,uat-sample:ETHUSDT:12h:kline_cache.h5,0,long,trigger_close,ETHUSDT:12h:1733788800000,1,7ba8a5c896bbc29f616ac4008bb221d01cab0a3f62c4de9497eb783014e2a610,close_to_close,uat-sample:fwd3-close-sign,3,3,C,8acda224d82e336234288db9bdb70cb7e18ca14cfc61ef2835f52856c5305e29,ETHUSDT,1733788800000,12h,3750.11,2024-12-10 00:00:00
user_labeled_same_trigger,uat-sample:ETHUSDT:12h:kline_cache.h5,0,long,trigger_close,ETHUSDT:12h:1734566400000,0,7ba8a5c896bbc29f616ac4008bb221d01cab0a3f62c4de9497eb783014e2a610,close_to_close,uat-sample:fwd3-close-sign,3,3,C,8acda224d82e336234288db9bdb70cb7e18ca14cfc61ef2835f52856c5305e29,ETHUSDT,1734566400000,12h,3705.62,2024-12-19 00:00:00
user_labeled_same_trigger,uat-sample:ETHUSDT:12h:kline_cache.h5,0,long,trigger_close,ETHUSDT:12h:1735344000000,0,7ba8a5c896bbc29f616ac4008bb221d01cab0a3f62c4de9497eb783014e2a610,close_to_close,uat-sample:fwd3-close-sign,3,3,C,8acda224d82e336234288db9bdb70cb7e18ca14cfc61ef2835f52856c5305e29,ETHUSDT,1735344000000,12h,3359.23,2024-12-28 00:00:00
user_labeled_same_trigger,uat-sample:ETHUSDT:12h:kline_cache.h5,0,long,trigger_close,ETHUSDT:12h:1736121600000,0,7ba8a5c896bbc29f616ac4008bb221d01cab0a3f62c4de9497eb783014e2a610,close_to_close,uat-sample:fwd3-close-sign,3,3,C,8acda224d82e336234288db9bdb70cb7e18ca14cfc61ef2835f52856c5305e29,ETHUSDT,1736121600000,12h,3654.52,2025-01-06 00:00:00
user_labeled_same_trigger,uat-sample:ETHUSDT:12h:kline_cache.h5,0,long,trigger_close,ETHUSDT:12h:1736899200000,1,7ba8a5c896bbc29f616ac4008bb221d01cab0a3f62c4de9497eb783014e2a610,close_to_close,uat-sample:fwd3-close-sign,3,3,C,8acda224d82e336234288db9bdb70cb7e18ca14cfc61ef2835f52856c5305e29,ETHUSDT,1736899200000,12h,3199.60,2025-01-15 00:00:00
user_labeled_same_trigger,uat-sample:ETHUSDT:12h:kline_cache.h5,0,long,trigger_close,ETHUSDT:12h:1737676800000,0,7ba8a5c896bbc29f616ac4008bb221d01cab0a3f62c4de9497eb783014e2a610,close_to_close,uat-sample:fwd3-close-sign,3,3,C,8acda224d82e336234288db9bdb70cb7e18ca14cfc61ef2835f52856c5305e29,ETHUSDT,1737676800000,12h,3399.22,2025-01-24 00:00:00
user_labeled_same_trigger,uat-sample:ETHUSDT:12h:kline_cache.h5,0,long,trigger_close,ETHUSDT:12h:1738454400000,0,7ba8a5c896bbc29f616ac4008bb221d01cab0a3f62c4de9497eb783014e2a610,close_to_close,uat-sample:fwd3-close-sign,3,3,C,8acda224d82e336234288db9bdb70cb7e18ca14cfc61ef2835f52856c5305e29,ETHUSDT,1738454400000,12h,3064.86,2025-02-02 00:00:00
user_labeled_same_trigger,uat-sample:ETHUSDT:12h:kline_cache.h5,0,long,trigger_close,ETHUSDT:12h:1739232000000,1,7ba8a5c896bbc29f616ac4008bb221d01cab0a3f62c4de9497eb783014e2a610,close_to_close,uat-sample:fwd3-close-sign,3,3,C,8acda224d82e336234288db9bdb70cb7e18ca14cfc61ef2835f52856c5305e29,ETHUSDT,1739232000000,12h,2708.80,2025-02-11 00:00:00
user_labeled_same_trigger,uat-sample:ETHUSDT:12h:kline_cache.h5,0,long,trigger_close,ETHUSDT:12h:1740009600000,0,7ba8a5c896bbc29f616ac4008bb221d01cab0a3f62c4de9497eb783014e2a610,close_to_close,uat-sample:fwd3-close-sign,3,3,C,8acda224d82e336234288db9bdb70cb7e18ca14cfc61ef2835f52856c5305e29,ETHUSDT,1740009600000,12h,2740.71,2025-02-20 00:00:00
user_labeled_same_trigger,uat-sample:ETHUSDT:12h:kline_cache.h5,0,long,trigger_close,ETHUSDT:12h:1740787200000,1,7ba8a5c896bbc29f616ac4008bb221d01cab0a3f62c4de9497eb783014e2a610,close_to_close,uat-sample:fwd3-close-sign,3,3,C,8acda224d82e336234288db9bdb70cb7e18ca14cfc61ef2835f52856c5305e29,ETHUSDT,1740787200000,12h,2184.42,2025-03-01 00:00:00
user_labeled_same_trigger,uat-sample:ETHUSDT:12h:kline_cache.h5,0,long,trigger_close,ETHUSDT:12h:1741564800000,0,7ba8a5c896bbc29f616ac4008bb221d01cab0a3f62c4de9497eb783014e2a610,close_to_close,uat-sample:fwd3-close-sign,3,3,C,8acda224d82e336234288db9bdb70cb7e18ca14cfc61ef2835f52856c5305e29,ETHUSDT,1741564800000,12h,2128.12,2025-03-10 00:00:00
user_labeled_same_trigger,uat-sample:ETHUSDT:12h:kline_cache.h5,0,long,trigger_close,ETHUSDT:12h:1742342400000,0,7ba8a5c896bbc29f616ac4008bb221d01cab0a3f62c4de9497eb783014e2a610,close_to_close,uat-sample:fwd3-close-sign,3,3,C,8acda224d82e336234288db9bdb70cb7e18ca14cfc61ef2835f52856c5305e29,ETHUSDT,1742342400000,12h,2027.99,2025-03-19 00:00:00
user_labeled_same_trigger,uat-sample:ETHUSDT:12h:kline_cache.h5,0,long,trigger_close,ETHUSDT:12h:1743120000000,0,7ba8a5c896bbc29f616ac4008bb221d01cab0a3f62c4de9497eb783014e2a610,close_to_close,uat-sample:fwd3-close-sign,3,3,C,8acda224d82e336234288db9bdb70cb7e18ca14cfc61ef2835f52856c5305e29,ETHUSDT,1743120000000,12h,1900.48,2025-03-28 00:00:00
user_labeled_same_trigger,uat-sample:ETHUSDT:12h:kline_cache.h5,0,long,trigger_close,ETHUSDT:12h:1743897600000,0,7ba8a5c896bbc29f616ac4008bb221d01cab0a3f62c4de9497eb783014e2a610,close_to_close,uat-sample:fwd3-close-sign,3,3,C,8acda224d82e336234288db9bdb70cb7e18ca14cfc61ef2835f52856c5305e29,ETHUSDT,1743897600000,12h,1789.19,2025-04-06 00:00:00
user_labeled_same_trigger,uat-sample:ETHUSDT:12h:kline_cache.h5,0,long,trigger_close,ETHUSDT:12h:1744675200000,0,7ba8a5c896bbc29f616ac4008bb221d01cab0a3f62c4de9497eb783014e2a610,close_to_close,uat-sample:fwd3-close-sign,3,3,C,8acda224d82e336234288db9bdb70cb7e18ca14cfc61ef2835f52856c5305e29,ETHUSDT,1744675200000,12h,1632.05,2025-04-15 00:00:00
user_labeled_same_trigger,uat-sample:ETHUSDT:12h:kline_cache.h5,0,long,trigger_close,ETHUSDT:12h:1745452800000,1,7ba8a5c896bbc29f616ac4008bb221d01cab0a3f62c4de9497eb783014e2a610,close_to_close,uat-sample:fwd3-close-sign,3,3,C,8acda224d82e336234288db9bdb70cb7e18ca14cfc61ef2835f52856c5305e29,ETHUSDT,1745452800000,12h,1755.10,2025-04-24 00:00:00
user_labeled_same_trigger,uat-sample:ETHUSDT:12h:kline_cache.h5,0,long,trigger_close,ETHUSDT:12h:1746230400000,0,7ba8a5c896bbc29f616ac4008bb221d01cab0a3f62c4de9497eb783014e2a610,close_to_close,uat-sample:fwd3-close-sign,3,3,C,8acda224d82e336234288db9bdb70cb7e18ca14cfc61ef2835f52856c5305e29,ETHUSDT,1746230400000,12h,1824.10,2025-05-03 00:00:00
user_labeled_same_trigger,uat-sample:ETHUSDT:12h:kline_cache.h5,0,long,trigger_close,ETHUSDT:12h:1747008000000,1,7ba8a5c896bbc29f616ac4008bb221d01cab0a3f62c4de9497eb783014e2a610,close_to_close,uat-sample:fwd3-close-sign,3,3,C,8acda224d82e336234288db9bdb70cb7e18ca14cfc61ef2835f52856c5305e29,ETHUSDT,1747008000000,12h,2530.59,2025-05-12 00:00:00
user_labeled_same_trigger,uat-sample:ETHUSDT:12h:kline_cache.h5,0,long,trigger_close,ETHUSDT:12h:1747785600000,1,7ba8a5c896bbc29f616ac4008bb221d01cab0a3f62c4de9497eb783014e2a610,close_to_close,uat-sample:fwd3-close-sign,3,3,C,8acda224d82e336234288db9bdb70cb7e18ca14cfc61ef2835f52856c5305e29,ETHUSDT,1747785600000,12h,2536.65,2025-05-21 00:00:00
user_labeled_same_trigger,uat-sample:ETHUSDT:12h:kline_cache.h5,0,long,trigger_close,ETHUSDT:12h:1748563200000,0,7ba8a5c896bbc29f616ac4008bb221d01cab0a3f62c4de9497eb783014e2a610,close_to_close,uat-sample:fwd3-close-sign,3,3,C,8acda224d82e336234288db9bdb70cb7e18ca14cfc61ef2835f52856c5305e29,ETHUSDT,1748563200000,12h,2622.04,2025-05-30 00:00:00
user_labeled_same_trigger,uat-sample:ETHUSDT:12h:kline_cache.h5,0,long,trigger_close,ETHUSDT:12h:1749340800000,1,7ba8a5c896bbc29f616ac4008bb221d01cab0a3f62c4de9497eb783014e2a610,close_to_close,uat-sample:fwd3-close-sign,3,3,C,8acda224d82e336234288db9bdb70cb7e18ca14cfc61ef2835f52856c5305e29,ETHUSDT,1749340800000,12h,2513.51,2025-06-08 00:00:00
user_labeled_same_trigger,uat-sample:ETHUSDT:12h:kline_cache.h5,0,long,trigger_close,ETHUSDT:12h:1750118400000,0,7ba8a5c896bbc29f616ac4008bb221d01cab0a3f62c4de9497eb783014e2a610,close_to_close,uat-sample:fwd3-close-sign,3,3,C,8acda224d82e336234288db9bdb70cb7e18ca14cfc61ef2835f52856c5305e29,ETHUSDT,1750118400000,12h,2552.19,2025-06-17 00:00:00
user_labeled_same_trigger,uat-sample:ETHUSDT:12h:kline_cache.h5,0,long,trigger_close,ETHUSDT:12h:1750896000000,0,7ba8a5c896bbc29f616ac4008bb221d01cab0a3f62c4de9497eb783014e2a610,close_to_close,uat-sample:fwd3-close-sign,3,3,C,8acda224d82e336234288db9bdb70cb7e18ca14cfc61ef2835f52856c5305e29,ETHUSDT,1750896000000,12h,2450.36,2025-06-26 00:00:00
user_labeled_same_trigger,uat-sample:ETHUSDT:12h:kline_cache.h5,0,long,trigger_close,ETHUSDT:12h:1751673600000,1,7ba8a5c896bbc29f616ac4008bb221d01cab0a3f62c4de9497eb783014e2a610,close_to_close,uat-sample:fwd3-close-sign,3,3,C,8acda224d82e336234288db9bdb70cb7e18ca14cfc61ef2835f52856c5305e29,ETHUSDT,1751673600000,12h,2518.11,2025-07-05 00:00:00
user_labeled_same_trigger,uat-sample:ETHUSDT:12h:kline_cache.h5,0,long,trigger_close,ETHUSDT:12h:1752451200000,1,7ba8a5c896bbc29f616ac4008bb221d01cab0a3f62c4de9497eb783014e2a610,close_to_close,uat-sample:fwd3-close-sign,3,3,C,8acda224d82e336234288db9bdb70cb7e18ca14cfc61ef2835f52856c5305e29,ETHUSDT,1752451200000,12h,3051.72,2025-07-14 00:00:00
user_labeled_same_trigger,uat-sample:ETHUSDT:12h:kline_cache.h5,0,long,trigger_close,ETHUSDT:12h:1753228800000,1,7ba8a5c896bbc29f616ac4008bb221d01cab0a3f62c4de9497eb783014e2a610,close_to_close,uat-sample:fwd3-close-sign,3,3,C,8acda224d82e336234288db9bdb70cb7e18ca14cfc61ef2835f52856c5305e29,ETHUSDT,1753228800000,12h,3671.99,2025-07-23 00:00:00
user_labeled_same_trigger,uat-sample:ETHUSDT:12h:kline_cache.h5,0,long,trigger_close,ETHUSDT:12h:1754006400000,0,7ba8a5c896bbc29f616ac4008bb221d01cab0a3f62c4de9497eb783014e2a610,close_to_close,uat-sample:fwd3-close-sign,3,3,C,8acda224d82e336234288db9bdb70cb7e18ca14cfc61ef2835f52856c5305e29,ETHUSDT,1754006400000,12h,3642.72,2025-08-01 00:00:00
user_labeled_same_trigger,uat-sample:ETHUSDT:12h:kline_cache.h5,0,long,trigger_close,ETHUSDT:12h:1754784000000,1,7ba8a5c896bbc29f616ac4008bb221d01cab0a3f62c4de9497eb783014e2a610,close_to_close,uat-sample:fwd3-close-sign,3,3,C,8acda224d82e336234288db9bdb70cb7e18ca14cfc61ef2835f52856c5305e29,ETHUSDT,1754784000000,12h,4180.57,2025-08-10 00:00:00
user_labeled_same_trigger,uat-sample:ETHUSDT:12h:kline_cache.h5,0,long,trigger_close,ETHUSDT:12h:1755561600000,1,7ba8a5c896bbc29f616ac4008bb221d01cab0a3f62c4de9497eb783014e2a610,close_to_close,uat-sample:fwd3-close-sign,3,3,C,8acda224d82e336234288db9bdb70cb7e18ca14cfc61ef2835f52856c5305e29,ETHUSDT,1755561600000,12h,4308.93,2025-08-19 00:00:00
user_labeled_same_trigger,uat-sample:ETHUSDT:12h:kline_cache.h5,0,long,trigger_close,ETHUSDT:12h:1756339200000,0,7ba8a5c896bbc29f616ac4008bb221d01cab0a3f62c4de9497eb783014e2a610,close_to_close,uat-sample:fwd3-close-sign,3,3,C,8acda224d82e336234288db9bdb70cb7e18ca14cfc61ef2835f52856c5305e29,ETHUSDT,1756339200000,12h,4594.80,2025-08-28 00:00:00
user_labeled_same_trigger,uat-sample:ETHUSDT:12h:kline_cache.h5,0,long,trigger_close,ETHUSDT:12h:1757116800000,1,7ba8a5c896bbc29f616ac4008bb221d01cab0a3f62c4de9497eb783014e2a610,close_to_close,uat-sample:fwd3-close-sign,3,3,C,8acda224d82e336234288db9bdb70cb7e18ca14cfc61ef2835f52856c5305e29,ETHUSDT,1757116800000,12h,4299.99,2025-09-06 00:00:00
user_labeled_same_trigger,uat-sample:ETHUSDT:12h:kline_cache.h5,0,long,trigger_close,ETHUSDT:12h:1757894400000,0,7ba8a5c896bbc29f616ac4008bb221d01cab0a3f62c4de9497eb783014e2a610,close_to_close,uat-sample:fwd3-close-sign,3,3,C,8acda224d82e336234288db9bdb70cb7e18ca14cfc61ef2835f52856c5305e29,ETHUSDT,1757894400000,12h,4530.65,2025-09-15 00:00:00
user_labeled_same_trigger,uat-sample:ETHUSDT:12h:kline_cache.h5,0,long,trigger_close,ETHUSDT:12h:1758672000000,0,7ba8a5c896bbc29f616ac4008bb221d01cab0a3f62c4de9497eb783014e2a610,close_to_close,uat-sample:fwd3-close-sign,3,3,C,8acda224d82e336234288db9bdb70cb7e18ca14cfc61ef2835f52856c5305e29,ETHUSDT,1758672000000,12h,4182.08,2025-09-24 00:00:00
user_labeled_same_trigger,uat-sample:ETHUSDT:12h:kline_cache.h5,0,long,trigger_close,ETHUSDT:12h:1759449600000,1,7ba8a5c896bbc29f616ac4008bb221d01cab0a3f62c4de9497eb783014e2a610,close_to_close,uat-sample:fwd3-close-sign,3,3,C,8acda224d82e336234288db9bdb70cb7e18ca14cfc61ef2835f52856c5305e29,ETHUSDT,1759449600000,12h,4478.45,2025-10-03 00:00:00
user_labeled_same_trigger,uat-sample:ETHUSDT:12h:kline_cache.h5,0,long,trigger_close,ETHUSDT:12h:1760227200000,1,7ba8a5c896bbc29f616ac4008bb221d01cab0a3f62c4de9497eb783014e2a610,close_to_close,uat-sample:fwd3-close-sign,3,3,C,8acda224d82e336234288db9bdb70cb7e18ca14cfc61ef2835f52856c5305e29,ETHUSDT,1760227200000,12h,3820.36,2025-10-12 00:00:00
user_labeled_same_trigger,uat-sample:ETHUSDT:12h:kline_cache.h5,0,long,trigger_close,ETHUSDT:12h:1761004800000,0,7ba8a5c896bbc29f616ac4008bb221d01cab0a3f62c4de9497eb783014e2a610,close_to_close,uat-sample:fwd3-close-sign,3,3,C,8acda224d82e336234288db9bdb70cb7e18ca14cfc61ef2835f52856c5305e29,ETHUSDT,1761004800000,12h,3890.07,2025-10-21 00:00:00
user_labeled_same_trigger,uat-sample:ETHUSDT:12h:kline_cache.h5,0,long,trigger_close,ETHUSDT:12h:1761782400000,0,7ba8a5c896bbc29f616ac4008bb221d01cab0a3f62c4de9497eb783014e2a610,close_to_close,uat-sample:fwd3-close-sign,3,3,C,8acda224d82e336234288db9bdb70cb7e18ca14cfc61ef2835f52856c5305e29,ETHUSDT,1761782400000,12h,3881.10,2025-10-30 00:00:00
user_labeled_same_trigger,uat-sample:ETHUSDT:12h:kline_cache.h5,0,long,trigger_close,ETHUSDT:12h:1762560000000,1,7ba8a5c896bbc29f616ac4008bb221d01cab0a3f62c4de9497eb783014e2a610,close_to_close,uat-sample:fwd3-close-sign,3,3,C,8acda224d82e336234288db9bdb70cb7e18ca14cfc61ef2835f52856c5305e29,ETHUSDT,1762560000000,12h,3413.03,2025-11-08 00:00:00
user_labeled_same_trigger,uat-sample:ETHUSDT:12h:kline_cache.h5,0,long,trigger_close,ETHUSDT:12h:1763337600000,0,7ba8a5c896bbc29f616ac4008bb221d01cab0a3f62c4de9497eb783014e2a610,close_to_close,uat-sample:fwd3-close-sign,3,3,C,8acda224d82e336234288db9bdb70cb7e18ca14cfc61ef2835f52856c5305e29,ETHUSDT,1763337600000,12h,3204.12,2025-11-17 00:00:00
user_labeled_same_trigger,uat-sample:ETHUSDT:12h:kline_cache.h5,0,long,trigger_close,ETHUSDT:12h:1764115200000,1,7ba8a5c896bbc29f616ac4008bb221d01cab0a3f62c4de9497eb783014e2a610,close_to_close,uat-sample:fwd3-close-sign,3,3,C,8acda224d82e336234288db9bdb70cb7e18ca14cfc61ef2835f52856c5305e29,ETHUSDT,1764115200000,12h,2914.00,2025-11-26 00:00:00
user_labeled_same_trigger,uat-sample:ETHUSDT:12h:kline_cache.h5,0,long,trigger_close,ETHUSDT:12h:1764892800000,0,7ba8a5c896bbc29f616ac4008bb221d01cab0a3f62c4de9497eb783014e2a610,close_to_close,uat-sample:fwd3-close-sign,3,3,C,8acda224d82e336234288db9bdb70cb7e18ca14cfc61ef2835f52856c5305e29,ETHUSDT,1764892800000,12h,3131.38,2025-12-05 00:00:00
user_labeled_same_trigger,uat-sample:ETHUSDT:12h:kline_cache.h5,0,long,trigger_close,ETHUSDT:12h:1765670400000,0,7ba8a5c896bbc29f616ac4008bb221d01cab0a3f62c4de9497eb783014e2a610,close_to_close,uat-sample:fwd3-close-sign,3,3,C,8acda224d82e336234288db9bdb70cb7e18ca14cfc61ef2835f52856c5305e29,ETHUSDT,1765670400000,12h,3084.84,2025-12-14 00:00:00
